{"cameraMode":{"drawMode":0,"name":"Shaded","section":"Shading Mode"},"sceneLighting":false,"audioPlay":false,"sceneViewState":{"m_AlwaysRefresh":false,"showFog":true,"showSkybox":false,"showFlares":true,"showImageEffects":true,"showParticleSystems":true,"showVisualEffectGraphs":true,"m_FxEnabled":true},"in2DMode":false,"pivot":{"x":-0.04011588916182518,"y":1.420293927192688,"z":0.863081693649292},"rotation":{"x":0.6931823492050171,"y":0.001081186579540372,"z":-0.0010397137375548483,"w":0.7207566499710083},"size":3.933058738708496,"orthographic":true}