{"cameraMode":{"drawMode":0,"name":"Shaded","section":"Shading Mode"},"sceneLighting":true,"audioPlay":false,"sceneViewState":{"m_AlwaysRefresh":false,"showFog":true,"showSkybox":true,"showFlares":true,"showImageEffects":true,"showParticleSystems":true,"showVisualEffectGraphs":true,"m_FxEnabled":true},"in2DMode":false,"pivot":{"x":1.8977465629577637,"y":-0.1085672378540039,"z":2.5046801567077638},"rotation":{"x":0.5554227232933044,"y":-0.007483690977096558,"z":0.004998968448489904,"w":0.8315185904502869},"size":2.383446216583252,"orthographic":false}