{"cameraMode":{"drawMode":0,"name":"Shaded","section":"Shading Mode"},"sceneLighting":true,"audioPlay":false,"sceneViewState":{"m_AlwaysRefresh":false,"showFog":true,"showSkybox":true,"showFlares":true,"showImageEffects":true,"showParticleSystems":true,"showVisualEffectGraphs":true,"m_FxEnabled":false},"in2DMode":false,"pivot":{"x":2.4612457752227785,"y":1.7837797403335572,"z":1.114559531211853},"rotation":{"x":0.591497004032135,"y":0.013556171208620072,"z":-0.009952593594789505,"w":0.8061608672142029},"size":4.506865978240967,"orthographic":true}