{"cameraMode":{"drawMode":0,"name":"Shaded","section":"Shading Mode"},"sceneLighting":true,"audioPlay":false,"sceneViewState":{"m_AlwaysRefresh":false,"showFog":true,"showSkybox":true,"showFlares":true,"showImageEffects":true,"showParticleSystems":true,"showVisualEffectGraphs":true,"m_FxEnabled":true},"in2DMode":false,"pivot":{"x":-0.11494138836860657,"y":6.157717704772949,"z":-0.07739085704088211},"rotation":{"x":0.6005679965019226,"y":0.017984407022595407,"z":-0.01351782213896513,"w":0.7992613911628723},"size":1.5729910135269166,"orthographic":true}