{"cameraMode":{"drawMode":0,"name":"Shaded","section":"Shading Mode"},"sceneLighting":true,"audioPlay":false,"sceneViewState":{"m_AlwaysRefresh":false,"showFog":true,"showSkybox":true,"showFlares":true,"showImageEffects":true,"showParticleSystems":true,"showVisualEffectGraphs":true,"m_FxEnabled":true},"in2DMode":false,"pivot":{"x":1251.653076171875,"y":525.4984130859375,"z":-73.7872314453125},"rotation":{"x":0.08529746532440186,"y":0.048102110624313357,"z":-0.004123114049434662,"w":0.9951943159103394},"size":500.4751892089844,"orthographic":true}