{"cameraMode":{"drawMode":0,"name":"Shaded","section":"Shading Mode"},"sceneLighting":true,"audioPlay":false,"sceneViewState":{"m_AlwaysRefresh":false,"showFog":true,"showSkybox":true,"showFlares":true,"showImageEffects":true,"showParticleSystems":true,"showVisualEffectGraphs":true,"m_FxEnabled":true},"in2DMode":false,"pivot":{"x":373.39605712890627,"y":209.81942749023438,"z":-7.724190711975098},"rotation":{"x":0.6138046383857727,"y":-0.005920747295022011,"z":0.004603582434356213,"w":0.7894138097763062},"size":52.61832046508789,"orthographic":true}