{"cameraMode":{"drawMode":0,"name":"Shaded","section":"Shading Mode"},"sceneLighting":true,"audioPlay":false,"sceneViewState":{"m_AlwaysRefresh":false,"showFog":true,"showSkybox":true,"showFlares":true,"showImageEffects":true,"showParticleSystems":true,"showVisualEffectGraphs":true,"m_FxEnabled":true},"in2DMode":false,"pivot":{"x":17.93636703491211,"y":3.403836727142334,"z":2.0919573307037355},"rotation":{"x":0.2580442726612091,"y":0.0046339938417077068,"z":-0.0012376772938296199,"w":0.9661219716072083},"size":1.318447232246399,"orthographic":true}