{"cameraMode":{"drawMode":0,"name":"Shaded","section":"Shading Mode"},"sceneLighting":true,"audioPlay":false,"sceneViewState":{"m_AlwaysRefresh":false,"showFog":true,"showSkybox":true,"showFlares":true,"showImageEffects":true,"showParticleSystems":true,"showVisualEffectGraphs":true,"m_FxEnabled":true},"in2DMode":false,"pivot":{"x":4.465216159820557,"y":0.955612301826477,"z":5.3869171142578129},"rotation":{"x":0.40852493047714236,"y":-0.015059658326208592,"z":0.006739590782672167,"w":0.9125965237617493},"size":3.199392318725586,"orthographic":true}