{"cameraMode":{"drawMode":0,"name":"Shaded","section":"Shading Mode"},"sceneLighting":true,"audioPlay":false,"sceneViewState":{"m_AlwaysRefresh":false,"showFog":true,"showSkybox":true,"showFlares":true,"showImageEffects":true,"showParticleSystems":true,"showVisualEffectGraphs":true,"m_FxEnabled":true},"in2DMode":false,"pivot":{"x":1251.653076171875,"y":525.4984130859375,"z":-73.7872314453125},"rotation":{"x":0.03149498626589775,"y":-0.005700369365513325,"z":0.00017949867469724268,"w":0.9994966387748718},"size":793.1381225585938,"orthographic":true}