{"cameraMode":{"drawMode":0,"name":"Shaded","section":"Shading Mode"},"sceneLighting":true,"audioPlay":false,"sceneViewState":{"m_AlwaysRefresh":false,"showFog":true,"showSkybox":true,"showFlares":true,"showImageEffects":true,"showParticleSystems":true,"showVisualEffectGraphs":true,"m_FxEnabled":true},"in2DMode":false,"pivot":{"x":0.9496747851371765,"y":0.000008553926818422042,"z":-0.23496322333812715},"rotation":{"x":0.7102833986282349,"y":-0.0010520563228055835,"z":0.0010679072001948953,"w":0.7039197087287903},"size":4.117600440979004,"orthographic":true}