{"cameraMode":{"drawMode":0,"name":"Shaded","section":"Shading Mode"},"sceneLighting":true,"audioPlay":false,"sceneViewState":{"m_AlwaysRefresh":false,"showFog":true,"showSkybox":true,"showFlares":true,"showImageEffects":true,"showParticleSystems":true,"showVisualEffectGraphs":true,"m_FxEnabled":true},"in2DMode":false,"pivot":{"x":1.5151797533035279,"y":0.9073545336723328,"z":1.0931309461593629},"rotation":{"x":0.5946150422096252,"y":-0.05296268314123154,"z":0.03930177167057991,"w":0.8013032078742981},"size":2.383446216583252,"orthographic":false}