{"cameraMode":{"drawMode":0,"name":"Shaded","section":"Shading Mode"},"sceneLighting":true,"audioPlay":false,"sceneViewState":{"m_AlwaysRefresh":false,"showFog":true,"showSkybox":true,"showFlares":true,"showImageEffects":true,"showParticleSystems":true,"showVisualEffectGraphs":true,"m_FxEnabled":false},"in2DMode":false,"pivot":{"x":1488.7816162109375,"y":652.4414672851563,"z":-0.6115206480026245},"rotation":{"x":0.04798247665166855,"y":-0.004177526570856571,"z":0.00019862236513290554,"w":0.9988589286804199},"size":417.4588623046875,"orthographic":true}