{"cameraMode":{"drawMode":0,"name":"Shaded","section":"Shading Mode"},"sceneLighting":true,"audioPlay":false,"sceneViewState":{"m_AlwaysRefresh":false,"showFog":true,"showSkybox":true,"showFlares":true,"showImageEffects":true,"showParticleSystems":true,"showVisualEffectGraphs":true,"m_FxEnabled":true},"in2DMode":false,"pivot":{"x":2.4363527297973635,"y":2.7708780765533449,"z":0.4818956255912781},"rotation":{"x":0.5740127563476563,"y":-0.0012281782692298294,"z":0.0008610364748165011,"w":0.8188461661338806},"size":1.7649823427200318,"orthographic":false}