{"cameraMode":{"drawMode":0,"name":"Shaded","section":"Shading Mode"},"sceneLighting":true,"audioPlay":false,"sceneViewState":{"m_AlwaysRefresh":false,"showFog":true,"showSkybox":true,"showFlares":true,"showImageEffects":true,"showParticleSystems":true,"showVisualEffectGraphs":true,"m_FxEnabled":true},"in2DMode":false,"pivot":{"x":-0.5029778480529785,"y":3.2096357345581056,"z":0.2893700897693634},"rotation":{"x":0.04798247665166855,"y":-0.004177526570856571,"z":0.00019862236513290554,"w":0.9988589286804199},"size":5.010292053222656,"orthographic":true}